instance,hashValue
inst-1-1068608867.dzn,598619b757bad82d019b34693d4b5ed1
inst-1-1222707704.dzn,598619b757bad82d019b34693d4b5ed1
inst-1-1409462646.dzn,598619b757bad82d019b34693d4b5ed1
inst-1-1489266180.dzn,598619b757bad82d019b34693d4b5ed1
inst-1-1965286212.dzn,598619b757bad82d019b34693d4b5ed1
inst-1-2073674354.dzn,598619b757bad82d019b34693d4b5ed1
inst-1-285596038.dzn,598619b757bad82d019b34693d4b5ed1
inst-1-510416220.dzn,598619b757bad82d019b34693d4b5ed1
inst-1-601225362.dzn,598619b757bad82d019b34693d4b5ed1
inst-1-61910261.dzn,598619b757bad82d019b34693d4b5ed1
inst-1-735527639.dzn,598619b757bad82d019b34693d4b5ed1
inst-1-813778292.dzn,598619b757bad82d019b34693d4b5ed1
inst-10-1068608867.dzn,88793ad9450142bbd6550ca35300284e
inst-10-1222707704.dzn,88793ad9450142bbd6550ca35300284e
inst-10-1409462646.dzn,88793ad9450142bbd6550ca35300284e
inst-10-1489266180.dzn,88793ad9450142bbd6550ca35300284e
inst-10-1965286212.dzn,88793ad9450142bbd6550ca35300284e
inst-10-2073674354.dzn,88793ad9450142bbd6550ca35300284e
inst-10-285596038.dzn,88793ad9450142bbd6550ca35300284e
inst-10-510416220.dzn,88793ad9450142bbd6550ca35300284e
inst-10-601225362.dzn,88793ad9450142bbd6550ca35300284e
inst-10-61910261.dzn,88793ad9450142bbd6550ca35300284e
inst-10-735527639.dzn,88793ad9450142bbd6550ca35300284e
inst-10-813778292.dzn,88793ad9450142bbd6550ca35300284e
inst-12-1068608867.dzn,9da8352b99dc49ab503f9f028e34cac3
inst-12-1222707704.dzn,9da8352b99dc49ab503f9f028e34cac3
inst-12-1409462646.dzn,9da8352b99dc49ab503f9f028e34cac3
inst-12-1489266180.dzn,9da8352b99dc49ab503f9f028e34cac3
inst-12-1965286212.dzn,9da8352b99dc49ab503f9f028e34cac3
inst-12-2073674354.dzn,9da8352b99dc49ab503f9f028e34cac3
inst-12-285596038.dzn,9da8352b99dc49ab503f9f028e34cac3
inst-12-510416220.dzn,9da8352b99dc49ab503f9f028e34cac3
inst-12-601225362.dzn,9da8352b99dc49ab503f9f028e34cac3
inst-12-61910261.dzn,9da8352b99dc49ab503f9f028e34cac3
inst-12-735527639.dzn,9da8352b99dc49ab503f9f028e34cac3
inst-12-813778292.dzn,9da8352b99dc49ab503f9f028e34cac3
inst-13-1068608867.dzn,74a0041acbe631f8b8ac65b309a5b17a
inst-13-1222707704.dzn,90d69727cde2d35fe3f10a46b03b78f7
inst-13-1409462646.dzn,d9848aa95e6b42a6e705457335554de4
inst-13-1489266180.dzn,d909a960c2cad0ee0fd1f28e0b653e5e
inst-13-1965286212.dzn,d2ae463c6ffb1a5e21b906bd16ac97a3
inst-13-2073674354.dzn,53f5846e61613b1ce04728f914151536
inst-13-285596038.dzn,8a94749703b512c665adb35c2943b25d
inst-13-510416220.dzn,0438e17a03ec32281b82d42aba2fb05e
inst-13-601225362.dzn,417743b3126d9e3fcbb00593c091e150
inst-13-61910261.dzn,d47b54ee632abd04642f5a84981db126
inst-13-735527639.dzn,cf450edb2cdd677abae19c090a4b866d
inst-13-813778292.dzn,07bcd3658602f3fd6ad8eb3587fadbfd
inst-14-1068608867.dzn,53eff10e66f53d0d9f8fda69c7be9f4d
inst-14-1965286212.dzn,7b4a6868036823562d8d85f661066f90
inst-14-2073674354.dzn,1b8fc6b0b31a3c1dfbd20516e013e8e8
inst-14-510416220.dzn,7a09bbd93e2daf64f474536fbfdd4d3f
inst-14-61910261.dzn,c99fcb9f2f389c63c6abbce585053369
inst-15-1068608867.dzn,7a99f394182777a6d319d84cc964d9ff
inst-15-1965286212.dzn,92ec2be82317e1ed4aa28c0f05a351e5
inst-15-2073674354.dzn,efb5a0be3bbf43f19b3caf882988933d
inst-15-510416220.dzn,884db93e0e0897e013e63b4c9c951beb
inst-17-1068608867.dzn,1e4b973c19edda71550e3042ab3a1957
inst-17-1965286212.dzn,f09c36aa6b9cdb07bc2318ab609b8747
inst-17-2073674354.dzn,0a7aa39e21f173e8bfee06c5ca221397
inst-17-510416220.dzn,041cdc108f8cd138e2ec786d41ef6a0b
inst-17-61910261.dzn,d93dce52621b10709e6eb31a6bf2e37c
inst-18-1068608867.dzn,d7f89977af0e0162db9e499adebc7324
inst-18-1222707704.dzn,e43d2bc248a0bb9704e3352be83cae6c
inst-18-1489266180.dzn,174a6d3d557d3527ff0cb873231a07ed
inst-18-1965286212.dzn,41a1fbe0fc1e7378c6dfd73dc9a139a0
inst-18-2073674354.dzn,5dd4294ad2e07b24aee284f41dbec22d
inst-18-285596038.dzn,01febd3e3a10ecb17520082d8edf3c72
inst-18-510416220.dzn,c6e5e40cb1d7482891371db520d91846
inst-18-601225362.dzn,c4a9ccbb798fa169db860fa8477479ca
inst-18-61910261.dzn,f337a79522d51787e96c99218c967172
inst-18-735527639.dzn,4d0e02711e1943ce9ca6a812c28f05e8
inst-19-1068608867.dzn,7958f485ca247c613acbe74b0a3e045d
inst-19-1222707704.dzn,7958f485ca247c613acbe74b0a3e045d
inst-19-1409462646.dzn,7958f485ca247c613acbe74b0a3e045d
inst-19-1489266180.dzn,7958f485ca247c613acbe74b0a3e045d
inst-19-1965286212.dzn,7958f485ca247c613acbe74b0a3e045d
inst-19-2073674354.dzn,7958f485ca247c613acbe74b0a3e045d
inst-19-285596038.dzn,7958f485ca247c613acbe74b0a3e045d
inst-19-510416220.dzn,7958f485ca247c613acbe74b0a3e045d
inst-19-601225362.dzn,7958f485ca247c613acbe74b0a3e045d
inst-19-61910261.dzn,7958f485ca247c613acbe74b0a3e045d
inst-19-735527639.dzn,7958f485ca247c613acbe74b0a3e045d
inst-19-813778292.dzn,7958f485ca247c613acbe74b0a3e045d
inst-2-1489266180.dzn,78d7ca6e2d4bd3097b67de4d71e94941
inst-2-1965286212.dzn,2188f183b0be3f9543b3b8e289638655
inst-2-601225362.dzn,7c125dd554604a2cbaa88c7747b9339a
inst-20-1068608867.dzn,f9226d972839a5a8fd1c1d2c47497bdf
inst-20-1489266180.dzn,47e1ea33e5b00c2ab5ebc775ab047db6
inst-20-1965286212.dzn,a726fd0f9206d1410c3e74fa1f500c33
inst-20-510416220.dzn,4665d4e03f2114aab4465897b832533c
inst-20-813778292.dzn,57436bf3a8a4728610723dfc3e597d9f
inst-21-1068608867.dzn,d8450ada800a40f076ac63e3db094920
inst-21-1222707704.dzn,d8450ada800a40f076ac63e3db094920
inst-21-1409462646.dzn,d8450ada800a40f076ac63e3db094920
inst-21-1489266180.dzn,d8450ada800a40f076ac63e3db094920
inst-21-1965286212.dzn,d8450ada800a40f076ac63e3db094920
inst-21-2073674354.dzn,d8450ada800a40f076ac63e3db094920
inst-21-285596038.dzn,d8450ada800a40f076ac63e3db094920
inst-21-510416220.dzn,d8450ada800a40f076ac63e3db094920
inst-21-601225362.dzn,d8450ada800a40f076ac63e3db094920
inst-21-61910261.dzn,d8450ada800a40f076ac63e3db094920
inst-21-735527639.dzn,d8450ada800a40f076ac63e3db094920
inst-21-813778292.dzn,d8450ada800a40f076ac63e3db094920
inst-22-1068608867.dzn,88793ad9450142bbd6550ca35300284e
inst-22-1222707704.dzn,88793ad9450142bbd6550ca35300284e
inst-22-1409462646.dzn,88793ad9450142bbd6550ca35300284e
inst-22-1489266180.dzn,88793ad9450142bbd6550ca35300284e
inst-22-1965286212.dzn,88793ad9450142bbd6550ca35300284e
inst-22-2073674354.dzn,88793ad9450142bbd6550ca35300284e
inst-22-285596038.dzn,88793ad9450142bbd6550ca35300284e
inst-22-510416220.dzn,88793ad9450142bbd6550ca35300284e
inst-22-601225362.dzn,88793ad9450142bbd6550ca35300284e
inst-22-61910261.dzn,88793ad9450142bbd6550ca35300284e
inst-22-735527639.dzn,88793ad9450142bbd6550ca35300284e
inst-22-813778292.dzn,88793ad9450142bbd6550ca35300284e
inst-23-1068608867.dzn,2c9cc0f190b4420d558732a31594003d
inst-23-1489266180.dzn,1d98a109a21936d60c4b6d41079e8de9
inst-23-510416220.dzn,903f9d94bfa0e9040013b8ced3488ea5
inst-23-813778292.dzn,238b84072e46e26f4c4e339167736e5d
inst-24-1068608867.dzn,b6db61a426d65e9e185b5bf80f8e2997
inst-24-1222707704.dzn,ab2f5ca35f879a7535bf168b72e8695b
inst-24-1409462646.dzn,24fbe57a7e770072479468b963416a95
inst-24-1489266180.dzn,858e673359a2d33cfeb06a2b38527e78
inst-24-1965286212.dzn,21aa59de3ea9d04d5d6f61b76e51a241
inst-24-2073674354.dzn,85f620b6ecb8a7ed3ecd7640fe64ec9e
inst-24-285596038.dzn,b9d9a9bb8cf9c0becfb4a98f2ab212f0
inst-24-510416220.dzn,8fd652485e98c7198db2a6ca8b7d22ef
inst-24-601225362.dzn,8f5421ad13db7b11bdcd40b53a39e76b
inst-24-61910261.dzn,727c957c023f7896de8c90e73a9d9d07
inst-24-735527639.dzn,17c0d2ae8a0e84f3b3cfd4e84ea9a5a0
inst-24-813778292.dzn,d89c010d01d3c442d9453b9c40a086c5
inst-25-1068608867.dzn,97c353381c82e97636c1ea1c3b14b8e6
inst-25-1489266180.dzn,52ebed241a2663e20cbe0fa2b8bb1aed
inst-25-1965286212.dzn,98750fb1dfbcacc964aa18e4ccb85d79
inst-25-510416220.dzn,59aaf95b73244d140bf1cf312a1df469
inst-25-813778292.dzn,56bd0c088718acc6d8a047947d477a22
inst-5-1222707704.dzn,b665031aae43b394568b5856aea33a9c
inst-5-1489266180.dzn,0edb4a1d76cca7ec91ec13e8ec505ab5
inst-5-1965286212.dzn,dcfb200811a19b23a7868d6841fe917b
inst-5-510416220.dzn,be3a17dd1fe848afb0da92fa00b40f94
inst-5-601225362.dzn,a715b5c8509e75aa861258256f07198f
inst-7-1068608867.dzn,0e31dc9e25afa3e2700e086fd609635b
inst-7-1222707704.dzn,54691d43ccb3ce2ad012d779e7da0729
inst-7-1489266180.dzn,c0968342680feebb8b5fe172f31bee5f
inst-7-1965286212.dzn,1adacc821708f2d42a693d77156de9af
inst-7-510416220.dzn,811eb0c70313ae760a08ce0e498ceee5
inst-7-601225362.dzn,b4b99a15ab5c7acf34740b708178cf56
inst-7-61910261.dzn,997e7df319356a96849380a4d1033902
inst-7-735527639.dzn,b30260ccecfa41984385d24c5a5e37bb
inst-8-1068608867.dzn,564efd385a07dfef1f0825f64d9177be
inst-8-1489266180.dzn,76cf75c02dc896fcedf375c2ab29c19f
inst-8-1965286212.dzn,0c1cac789c64bb1d575631b5efc503ce
inst-8-510416220.dzn,fd18016fef49809324c3a4ce0478a587
inst-8-601225362.dzn,8d0f32c1eb2144255d4cc17bb84f25fc
inst-9-1068608867.dzn,2767b2a2fc64eccb64c4d1cae8ee2027
inst-9-1489266180.dzn,f9aa9ff797b5159d2d4230fa7315b2a9
inst-9-1965286212.dzn,bc03b24385d831a28e6923b84ad07875
inst-9-510416220.dzn,61d8d27c801f543bd9a6717cec6a7676
inst-9-601225362.dzn,33c09b2c43d2304e6466eba1d5ce5003
